juros abusivos,2019-02-18T13:00:00.001Z
rompimento de barragem,2019-02-18T13:00:00.002Z
usucapião,2019-02-18T13:00:00.003Z
crime hediondo,2019-02-18T13:00:00.004Z
do pedido dos fatos,2019-02-18T13:00:00.005Z
prazo legal contrato,2019-02-18T13:00:00.006Z
trabalho do exército,2019-02-18T13:00:00.007Z
técnicos competentes erro cálculo,2019-02-18T13:00:00.008Z
fala do presidente carteira partido,2019-02-18T13:00:00.009Z
ministros reforma lei dataprev,2019-02-18T13:00:00.010Z
ponte acidente laudo construtivo,2019-02-18T13:00:00.011Z
senador rapidez hospital,2019-02-18T13:00:00.012Z
transmissão bens patrimônio menor,2019-02-18T13:00:00.013Z
execução sumária,2019-02-18T13:00:00.014Z
título executivo extra judicial condomínio,2019-02-18T13:00:00.015Z
cabelo preso motor,2019-02-18T13:00:00.016Z
buscar soluções antecipando acontecer cliente lesado,2019-02-18T13:00:00.017Z
última ação tempo de televisão,2019-02-18T13:00:00.018Z
penhora veículo evadiu polícia,2019-02-18T13:00:00.019Z
natal véspera fuga,2019-02-18T13:00:00.020Z